time,temp
0.00100837, 64088
0.0116572, 64088
0.0222649, 64304
0.0654487, 64736
0.0772085, 64736
0.0884313, 64736
0.0990249, 64736
0.109623, 64952
0.120186, 64952
0.130841, 64952
0.141634, 65168
0.152118, 65168
0.162625, 65168
0.173143, 65168
0.183742, 65168
0.194302, 65168
0.20492, 65168
0.215483, 65168
0.226063, 65168
0.236563, 65168
0.247182, 65168
0.257704, 65384
0.268309, 65384
0.278898, 65168
0.289545, 65168
0.300118, 65168
0.310725, 65168
0.321329, 65600
0.3318, 66248
0.342319, 66464
0.3531, 67112
0.36362, 68192
0.374162, 69272
0.384755, 69920
0.39524, 69272
0.405728, 69272
0.416095, 70136
0.426561, 71000
0.436866, 73376
0.447211, 72728
0.457568, 75320
0.467913, 76184
0.478217, 77048
0.48854, 76832
0.498915, 76832
0.509345, 77912
0.519739, 78992
0.530103, 77912
0.54056, 78128
0.551161, 78776
0.56166, 78776
0.572054, 78992
0.582447, 79640
0.593024, 79856
0.603588, 80288
0.613983, 79856
0.624391, 77912
0.634919, 77048
0.645553, 75968
0.656177, 75536
0.666784, 74888
0.677428, 74672
0.687981, 74024
0.698479, 73808
0.708913, 73376
0.719433, 73160
0.729563, 73160
0.739714, 73160
0.749845, 72944
0.75998, 72728
0.770105, 72728
0.780238, 72728
0.790367, 72728
0.800479, 73592
0.810593, 74024
0.820709, 74888
0.830821, 74456
0.840933, 73592
0.851046, 72728
0.861162, 72728
0.871272, 72728
0.881388, 72728
0.891513, 73376
0.901633, 73592
0.911763, 73376
0.921885, 74024
0.932015, 73808
0.942182, 75752
0.952328, 77048
0.96248, 76616
0.972662, 75752
0.982917, 75536
0.993109, 77912
1.00328, 79208
1.01346, 80288
1.02366, 81152
1.03382, 81584
1.044, 82232
1.05417, 82448
1.06433, 84824
1.07452, 85688
1.08471, 84392
1.09488, 85472
1.10545, 84824
1.11597, 84824
1.12649, 84608
1.13692, 85688
1.14735, 86552
1.15774, 82016
1.16816, 80720
1.17856, 80072
1.18904, 79424
1.19952, 78560
1.21006, 78344
1.22046, 78128
1.23101, 78128
1.24155, 77912
1.25212, 77480
1.26257, 77480
1.2731, 77480
1.28363, 77480
1.29424, 77696
1.30485, 77696
1.31545, 77696
1.32603, 77696
1.33667, 77696
1.34734, 77480
1.35796, 77264
1.36857, 77048
1.37919, 76616
1.38971, 76400
1.40021, 76184
1.41086, 76184
1.42156, 76400
1.43215, 76400
1.44278, 76400
1.45354, 76400
1.46416, 76616
1.47475, 76616
1.48539, 76832
1.49599, 76616
1.50656, 76616
1.51706, 76616
1.52751, 76832
1.53801, 76616
1.54824, 76184
1.55852, 75752
1.5687, 75536
1.57887, 75536
1.58904, 75536
1.59919, 75536
1.60936, 75536
1.61954, 75536
1.62972, 75536
1.64019, 75536
1.65067, 75536
1.66117, 75752
1.67164, 75968
1.68213, 75968
1.69264, 75968
1.70318, 75752
1.71371, 75752
1.72423, 75752
1.73468, 75752
1.74517, 75536
1.75568, 75752
1.76608, 75752
1.77649, 75968
1.78706, 75968
1.79762, 76184
1.80801, 76184
1.81845, 76184
1.82894, 76400
1.83943, 76184
1.84993, 76184
1.86048, 76184
1.87105, 76184
1.88162, 76184
1.89215, 76400
1.90272, 76616
1.91332, 76616
1.9239, 76616
1.93455, 76400
1.94516, 76400
1.95577, 76400
1.96641, 76616
1.97694, 76184
1.98758, 76400
1.99817, 76400
2.00878, 76184
2.01936, 76184
2.03012, 76184
2.04056, 76184
2.05083, 76184
2.06127, 76184
2.07143, 75968
2.08155, 75752
2.09173, 75536
2.10222, 75752
2.11272, 75752
2.12325, 75752
2.13371, 75752
2.14421, 75968
2.15468, 75968
2.16517, 75752
2.17568, 75968
2.18618, 75968
2.19671, 75968
2.20727, 76184
2.21778, 75968
2.22834, 76184
2.23875, 76400
2.24917, 76616
2.25969, 76832
2.27021, 77048
2.28081, 77264
2.2914, 77264
2.30194, 77480
2.31248, 77480
2.32297, 77696
2.33355, 77912
2.34403, 78344
2.35463, 78344
2.36517, 78128
2.37572, 77912
2.38628, 78128
2.39695, 78344
2.40758, 78344
2.41825, 78344
2.42886, 78560
2.43944, 78128
2.45005, 77912
2.46065, 77696
2.47119, 77696
2.48166, 77696
2.49186, 77480
2.50213, 77480
2.51236, 77480
2.52254, 77048
2.5327, 76832
2.54287, 76832
2.55303, 76616
2.5632, 76616
2.57335, 76616
2.58352, 76400
2.59404, 76400
2.60452, 76400
2.61508, 76184
2.6256, 76184
2.6361, 76184
2.64663, 76184
2.65713, 76400
2.66762, 76400
2.67813, 76616
2.68865, 76616
2.69925, 76616
2.71001, 76400
2.72052, 76400
2.73102, 76616
2.74158, 76832
2.75196, 76832
2.76239, 77048
2.77295, 77048
2.78347, 77264
2.79414, 77264
2.80473, 77048
2.81528, 77048
2.82581, 77264
2.83629, 77480
2.84685, 77480
2.85745, 77480
2.86799, 77480
2.8786, 77264
2.88921, 77480
2.89988, 77480
2.91054, 77480
2.92117, 77264
2.93179, 77696
2.94244, 77480
2.95306, 77480
2.96363, 77480
2.97411, 77480
2.98442, 77264
2.99539, 77048
3.00573, 76832
3.01587, 76616
3.02607, 76616
3.03726, 76832
3.04774, 76616
3.05829, 76616
3.06881, 76400
3.07928, 76400
3.08977, 76400
3.10032, 76400
3.11082, 76400
3.12138, 76400
3.13187, 76184
3.14238, 76184
3.15276, 76400
3.16327, 76616
3.17379, 76616
3.18434, 76616
3.19488, 76832
3.20541, 77048
3.21594, 77264
3.22647, 77264
3.23703, 77480
3.24757, 77480
3.25813, 77480
3.26868, 77480
3.27925, 77480
3.28976, 77480
3.3003, 77696
3.31093, 77480
3.32159, 77480
3.33224, 77696
3.34284, 77696
3.35352, 77696
3.36409, 77696
3.37466, 77696
3.38522, 77480
3.39578, 77480
3.40627, 77480
3.41663, 77696
3.42702, 77480
3.43784, 77480
3.44799, 77480
3.45812, 77480
3.46829, 77480
3.47879, 77480
3.48939, 77480
3.49994, 77264
3.51037, 77480
3.52096, 77696
3.53148, 77696
3.54203, 77480
3.55252, 77264
3.56304, 77264
3.5738, 77048
3.58441, 76832
3.59488, 76832
3.60568, 76832
3.61629, 76616
3.62701, 76832
3.63758, 76616
3.64809, 76832
3.65857, 76832
3.66919, 76832
3.6798, 76832
3.69028, 76832
3.70084, 77048
3.71136, 77048
3.72187, 77264
3.73238, 77264
3.74287, 77264
3.75346, 77264
3.76411, 77264
3.77474, 77480
3.78547, 77480
3.7961, 77480
3.80675, 77480
3.81748, 77480
3.82814, 77480
3.83874, 77480
3.84941, 77480
3.85991, 77480
3.87038, 77480
3.88074, 78128
3.89237, 78128
3.90264, 79208
3.91294, 78776
3.92333, 78344
3.93359, 78128
3.94385, 78128
3.95415, 78344
3.96431, 78344
3.97449, 78560
3.9846, 78560
3.99474, 78560
4.00484, 78776
4.01493, 78776
4.02504, 78992
4.03514, 78992
4.04525, 79208
4.05536, 79208
4.06565, 79208
4.07589, 78992
4.08617, 79208
4.09639, 79208
4.10676, 79208
4.11717, 79208
4.12745, 79424
4.13766, 79640
4.14796, 79640
4.15821, 79640
4.16833, 79640
4.17847, 79856
4.18883, 79640
4.19914, 79856
4.20943, 79640
4.21975, 79424
4.23002, 79208
4.24038, 79208
4.25074, 79208
4.26106, 78992
4.27146, 78992
4.28181, 78992
4.29208, 78992
4.30232, 78992
4.31267, 78776
4.32299, 78344
4.33332, 78344
4.34359, 78560
4.35383, 78344
4.36406, 78344
4.37432, 78128
4.38456, 78128
4.39477, 78128
4.40499, 78344
4.41537, 77912
4.42567, 78128
4.43585, 78128
4.44612, 78128
4.45643, 77912
4.46683, 78128
4.4771, 77912
4.48736, 77912
4.49767, 78128
4.50793, 78128
4.51825, 77912
4.52853, 78128
4.53883, 78344
4.54907, 78344
4.55933, 78344
4.56956, 78344
4.57983, 78560
4.59019, 78776
4.60054, 78776
4.61088, 78776
4.62116, 78776
4.63147, 78992
4.64172, 78992
4.652, 78776
4.66256, 78776
4.67289, 78776
4.68321, 78560
4.69355, 78776
4.70382, 78776
4.71409, 78776
4.72437, 78776
4.73469, 78992
4.74498, 79208
4.75528, 78992
4.76555, 79208
4.77583, 79208
4.78615, 79208
4.7964, 79208
4.80665, 78992
4.81699, 78992
4.82791, 78344
4.83819, 78128
4.84842, 78128
4.85863, 78344
4.86896, 78344
4.87923, 78344
4.8895, 78560
4.89978, 78560
4.9101, 78560
4.92037, 78560
4.93067, 78560
4.94093, 78560
4.95114, 78560
4.96134, 78560
4.9716, 78776
4.98189, 78776
4.99218, 78776
5.00242, 78992
5.01268, 79208
5.02291, 79424
5.03318, 79424
5.04347, 79640
5.05367, 79856
5.0639, 79640
5.07415, 79640
5.08439, 79640
5.09462, 79640
5.10497, 79640
5.11533, 79640
5.12571, 79640
5.136, 79424
5.14633, 79640
5.15659, 79424
5.16695, 79424
5.17733, 79208
5.1877, 78992
5.19802, 78992
5.20829, 78992
5.2185, 78776
5.2287, 78560
5.23893, 78560
5.24912, 78560
5.25938, 78560
5.26969, 78560
5.27999, 78560
5.29029, 78560
5.30051, 78560
5.31071, 78560
5.32091, 78776
5.33115, 78560
5.34139, 78344
5.35172, 78560
5.36202, 78560
5.37222, 78560
5.38244, 78560
5.39261, 78776
5.40286, 78776
5.41306, 78776
5.42332, 78776
5.43357, 78560
5.4438, 78560
5.45403, 78560
5.46427, 78560
5.47448, 78992
5.48472, 78992
5.49494, 79208
5.50532, 79424
5.51559, 79424
5.52586, 79424
5.53611, 79208
5.54645, 79424
5.55676, 79208
5.5671, 79208
5.57744, 79208
5.5878, 79208
5.59818, 79208
5.60848, 79208
5.61881, 79208
5.6291, 79208
5.63953, 79208
5.64992, 79424
5.66018, 79640
5.67047, 79640
5.6853, 79424
5.69571, 79424
5.70599, 79424
5.71632, 79208
5.72735, 78776
5.73759, 78344
5.74786, 78344
5.75808, 78344
5.76833, 78344
5.77856, 78344
5.78883, 78344
5.79914, 78128
5.80936, 78128
5.81959, 78344
5.82988, 78128
5.84014, 78128
5.8504, 77912
5.86072, 77912
5.87093, 77912
5.88113, 77912
5.89138, 78128
5.90167, 78128
5.91205, 78344
5.92228, 78560
5.93253, 78560
5.94283, 78560
5.95316, 78560
5.96344, 78560
5.97374, 78560
5.98398, 78560
5.99424, 78776
6.00454, 78776
6.01481, 78992
6.02512, 78992
6.03545, 78992
6.04576, 78992
6.05605, 78776
6.06634, 78992
6.07668, 78992
6.08697, 78776
6.09735, 78776
6.10759, 78992
6.11784, 78992
6.12812, 78776
6.13846, 78560
6.14887, 78560
6.15914, 78344
6.16938, 78560
6.17955, 78560
6.18973, 78560
6.19981, 78560
6.20991, 78776
6.22, 78776
6.23009, 78992
6.2402, 78992
6.2503, 78776
6.2604, 78992
6.2705, 78992
6.2808, 78776
6.29106, 78560
6.30137, 78344
6.31169, 78344
6.32191, 78560
6.33213, 78560
6.34237, 78560
6.35258, 78776
6.36276, 78776
6.37307, 78776
6.38323, 78776
6.39335, 78776
6.40349, 78992
6.4137, 79208
6.42388, 79424
6.43409, 79424
6.44429, 79424
6.45448, 79424
6.46476, 79424
6.47511, 79208
6.48545, 79208
6.49571, 79424
6.50592, 79424
6.51609, 79640
6.52639, 79640
6.53673, 79424
6.54701, 79424
6.55732, 79424
6.56762, 79424
6.57791, 79640
6.58819, 79424
6.59855, 79208
6.60885, 79208
6.61919, 79424
6.62947, 79208
6.63977, 79424
6.65055, 79208
6.66071, 78776
6.67097, 78560
6.68126, 78344
6.69143, 78344
6.70175, 78344
6.71201, 78344
6.72222, 78560
6.73277, 78344
6.74329, 78344
6.75357, 78344
6.76381, 78344
6.77406, 78560
6.7844, 78560
6.79477, 78344
6.80511, 78344
6.81545, 78560
6.82571, 78560
6.83596, 78560
6.8462, 78560
6.85646, 78776
6.86677, 78992
6.87711, 78776
6.88773, 78776
6.89801, 78560
6.90829, 78776
6.91863, 78776
6.92898, 78776
6.93932, 78776
6.94959, 78776
6.95999, 78776
6.97024, 78992
6.98054, 78992
6.9909, 78992
7.00127, 78992
7.01158, 78992
7.0219, 79208
7.03224, 78992
7.04253, 79208
7.05279, 79208
7.06338, 78992
7.07366, 78776
7.08387, 78776
7.09425, 78776
7.10452, 78776
7.11479, 78992
7.12495, 79208
7.13515, 79208
7.14535, 79208
7.15551, 79208
7.1657, 78776
7.17592, 78776
7.18614, 78776
7.19637, 78776
7.20678, 78776
7.21709, 78992
7.2273, 78992
7.23755, 78776
7.24774, 78992
7.25799, 78776
7.2682, 78560
7.27863, 78776
7.28889, 78992
7.29913, 78776
7.30932, 78776
7.31954, 79208
7.32975, 79208
7.34005, 79208
7.35029, 79208
7.36055, 79640
7.37079, 79424
7.38105, 79208
7.39131, 79208
7.40154, 79208
7.4118, 79208
7.42214, 79640
7.43239, 79640
7.4427, 79640
7.45296, 79640
7.46315, 79424
7.47347, 79424
7.48379, 79424
7.49405, 79208
7.50433, 79208
7.51461, 79208
7.52493, 79208
7.53531, 79424
7.54564, 78992
7.55589, 78992
7.56621, 78560
7.57699, 78560
7.5873, 78344
7.59752, 78128
7.60769, 78344
7.61795, 78344
7.6282, 78344
7.63847, 78344
7.64878, 78344
7.65902, 78344
7.66936, 78344
7.67963, 78560
7.68992, 78560
7.70011, 78560
7.71041, 78560
7.7206, 78560
7.73081, 78560
7.74115, 78776
7.75144, 78776
7.76166, 78776
7.77189, 78992
7.782, 78560
7.79209, 78128
7.80219, 77696
7.81228, 77480
7.82237, 77264
7.83246, 77048
7.84254, 77048
7.85263, 76832
7.86273, 76832
7.87283, 76616
7.88293, 76184
7.89302, 75968
7.90314, 75968
7.91327, 75752
7.92341, 75752
7.93353, 75536
7.94364, 75320
7.95373, 75320
7.96386, 75104
7.97404, 75536
7.98424, 75320
7.99448, 75320
8.0048, 75320
8.01503, 75968
8.02669, 76400
8.03697, 76400
8.04715, 75968
8.05849, 75752
8.06936, 75320
8.07977, 75320
8.09037, 75320
8.10089, 75968
8.11134, 77048
8.12171, 77264
8.13202, 76184
8.14228, 75752
8.15267, 75968
8.16299, 75968
8.17334, 75752
8.18363, 75752
8.19408, 76400
8.20442, 78344
8.21476, 81584
8.22508, 83312
8.23539, 82880
8.24588, 84608
8.25628, 85472
8.2667, 85904
8.2772, 86768
8.28762, 86768
8.298, 85472
8.30839, 81584
8.31893, 80720
8.32955, 79856
8.34015, 79208
8.3508, 78344
8.36152, 78128
8.37211, 77912
8.38276, 77480
8.39341, 76832
8.40401, 76616
8.41459, 76400
8.42508, 76400
8.43542, 75536
8.44675, 75320
8.45718, 75104
8.46735, 74888
8.47762, 74888
8.48783, 74456
8.49832, 74456
8.50891, 74240
8.51962, 74240
8.53022, 74024
8.54071, 74024
8.5512, 73808
8.56174, 73808
8.57222, 73592
8.58271, 73592
8.59325, 73592
8.60374, 73592
8.61414, 73592
8.62458, 73592
8.63511, 73592
8.64555, 73592
8.65595, 73376
8.66637, 73376
8.67681, 73592
8.68732, 73592
8.6979, 73592
8.70861, 73592
8.71924, 73376
8.72977, 73376
8.74029, 73160
8.75079, 73160
8.76141, 73160
8.772, 72944
8.78257, 73160
8.7932, 73160
8.80384, 73160
8.81451, 72944
8.82513, 73160
8.83572, 73160
8.84634, 72728
8.85693, 72728
8.86751, 72728
8.87804, 72728
8.88823, 72512
8.89849, 72296
8.9087, 72296
8.91898, 72296
8.92933, 72080
8.93958, 71864
8.94997, 72080
8.96016, 72296
8.97041, 71864
8.9806, 72080
8.99081, 72296
9.00103, 72512
9.01156, 72296
9.02215, 72080
9.03271, 72080
9.04326, 72296
9.05379, 72296
9.06442, 72080
9.075, 72296
9.08571, 72080
9.09628, 72296
9.10688, 72080
9.11755, 72296
9.12818, 72080
9.13873, 72296
9.14938, 72080
9.15987, 71864
9.17024, 72080
9.18067, 72080
9.19124, 72080
9.20168, 72080
9.21214, 72296
9.22273, 72296
9.23329, 72296
9.24371, 72728
9.25413, 74672
9.26457, 77696
9.27479, 78776
9.285, 79424
9.29526, 79208
9.30548, 80504
9.3157, 82016
9.32597, 82448
9.33625, 82880
9.34659, 82232
9.35693, 81368
9.36713, 78776
9.37723, 78128
9.38732, 77480
9.39741, 76832
9.40749, 76616
9.41761, 75752
9.42785, 75104
9.43809, 74672
9.44831, 74456
9.45849, 74240
9.46863, 74024
9.47877, 73592
9.4889, 73376
9.49903, 73376
9.50916, 73160
9.51929, 72944
9.52942, 72728
9.53954, 72512
9.54972, 72296
9.56003, 72296
9.57038, 72296
9.58073, 72080
9.59102, 72080
9.60139, 72080
9.61167, 72080
9.622, 71864
9.63231, 71864
9.64264, 72080
9.65305, 72296
9.6634, 72296
9.67374, 72728
9.68404, 73376
9.69439, 73808
9.70475, 74240
9.71521, 74240
9.72565, 74024
9.73624, 74024
9.7468, 74024
9.7574, 73808
9.76798, 73808
9.77856, 74024
9.7892, 74024
9.79973, 73808
9.81026, 73808
9.82081, 73808
9.83131, 74456
9.84191, 74240
9.85246, 73808
9.863, 73808
9.87343, 74024
9.88382, 74456
9.89411, 75536
9.90439, 76400
9.91474, 75968
9.92489, 76616
9.93513, 76616
9.9453, 76832
9.95558, 76400
9.96603, 76832
9.97677, 77048
9.98725, 77264
9.99766, 77480
10.0081, 77480
10.0185, 77480
10.029, 77264
10.0392, 76832
10.0495, 76400
10.0598, 75536
10.0702, 75320
10.0805, 75104
10.091, 74888
10.1014, 74456
10.1119, 74240
10.1224, 74024
10.1329, 73808
10.1433, 73808
10.1537, 74024
10.1642, 73808
10.1746, 73808
10.1851, 73808
10.1956, 73376
10.2062, 73376
10.2167, 73376
10.2272, 73376
10.2378, 73160
10.2483, 73160
10.2588, 73160
10.2693, 72944
10.2798, 72944
10.2903, 72728
10.3007, 72728
10.3112, 72512
10.3216, 72512
10.3317, 72728
10.3418, 72728
10.352, 72728
10.3621, 72728
10.3723, 72944
10.3824, 74024
10.3926, 74024
10.4027, 74024
10.4128, 74024
10.4229, 73808
10.4331, 73592
10.4432, 73160
10.4534, 72728
10.4635, 72512
10.4737, 72296
10.4838, 72296
10.494, 72080
10.5042, 71864
10.5143, 71432
10.5245, 71432
10.5348, 71432
10.545, 71432
10.5552, 71432
10.5654, 71432
10.5756, 71432
10.5857, 71216
10.5959, 71432
10.6061, 71432
10.6163, 71432
10.6265, 71216
10.6367, 71216
10.6469, 71216
10.6575, 71000
10.6681, 71216
10.6787, 71216
10.6894, 71000
10.6999, 71432
10.7105, 72512
10.7211, 72728
10.7316, 71864
10.7422, 72296
10.7528, 72944
10.7633, 74024
10.7739, 74024
10.7845, 75536
10.795, 75536
10.8055, 77048
10.8162, 78128
10.8268, 79208
10.8372, 79856
10.8476, 80072
10.858, 78992
10.8684, 76400
10.879, 75536
10.8897, 75104
10.9003, 74672
10.9109, 74240
10.9215, 73808
10.9321, 73808
10.9427, 73592
10.9535, 73160
10.9642, 72944
10.9748, 72944
10.9852, 72944
10.9953, 72728
11.0053, 72728
11.0154, 72728
11.0255, 72728
11.0356, 72512
11.0457, 72512
11.0558, 72296
11.0659, 72080
11.076, 72296
11.0861, 72296
11.0962, 72296
11.1063, 72296
11.1164, 72296
11.1265, 72080
11.1366, 72080
11.1467, 72080
11.1569, 72080
11.1672, 71864
11.1776, 71864
11.188, 71864
11.1983, 71864
11.2086, 71864
11.2188, 72080
11.2291, 72296
11.2394, 72296
11.2496, 72296
11.2599, 72512
11.2703, 72944
11.2806, 72728
11.291, 72512
11.3015, 72728
11.3119, 72728
11.3222, 72944
11.3325, 73376
11.3427, 73592
11.3529, 74024
11.3631, 73376
11.3733, 73808
11.3836, 73808
11.3939, 74672
11.4041, 75320
11.4144, 76184
11.4246, 76832
11.4348, 76616
11.445, 77048
11.4553, 76400
11.4657, 77264
11.4761, 77264
11.4865, 77264
11.4969, 77480
11.5072, 77480
11.5176, 77696
11.528, 77480
11.5383, 77048
11.5488, 75752
11.5594, 74456
11.5699, 74024
11.5802, 73592
11.5905, 73592
11.6006, 73376
11.6108, 72944
11.6209, 73160
11.631, 73160
11.6412, 72944
11.6513, 73160
11.6615, 73160
11.6717, 73160
11.6818, 73808
11.692, 73376
11.7021, 74024
11.7123, 73376
11.7224, 74240
11.7325, 73592
11.7427, 73160
11.7528, 72944
11.763, 73376
11.7731, 73160
11.7833, 74888
11.7934, 75968
11.8036, 76400
11.8137, 77048
11.8241, 78560
11.8344, 78992
11.8447, 78344
11.8549, 79856
11.8651, 80288
11.8752, 81152
11.8854, 81368
11.8956, 81584
11.9057, 80720
11.9159, 78344
11.926, 77048
11.9365, 75536
11.9471, 75104
11.9578, 74672
11.9684, 74456
11.9789, 73808
11.9896, 73592
12.0003, 73376
12.011, 73160
12.0216, 72944
12.0321, 72728
12.0428, 72728
12.0534, 72512
12.064, 72296
12.0745, 72296
12.085, 72080
12.0957, 72080
12.1063, 71864
12.1169, 71864
12.1274, 72080
12.1379, 72512
12.1482, 72944
12.1586, 73160
12.169, 73592
12.1795, 74024
12.19, 73592
12.2005, 73592
12.211, 73592
12.2216, 73592
12.2321, 73808
12.2427, 74240
12.2533, 74024
12.2637, 73592
12.2741, 73376
12.2844, 73160
12.2947, 73376
12.305, 74024
12.3152, 74672
12.3255, 75104
12.3357, 75536
12.346, 76184
12.3563, 76184
12.3667, 76400
12.377, 76400
12.3874, 75752
12.3977, 76184
12.4081, 76184
12.4185, 76184
12.4291, 76184
12.4396, 75752
12.4501, 75968
12.4605, 75536
12.4708, 75752
12.4811, 75536
12.4914, 75752
12.5018, 75536
12.5121, 75536
12.5225, 74888
12.533, 73592
12.5435, 73376
12.5541, 73160
12.5645, 72944
12.575, 72728
12.5855, 72728
12.5959, 72728
12.6064, 72728
12.617, 72728
12.6275, 72944
12.6381, 72944
12.6486, 72944
12.6593, 72944
12.6698, 72728
12.6804, 72728
12.691, 72728
12.7016, 72728
12.7121, 72944
12.7227, 72944
12.7333, 72728
12.7438, 72944
12.7543, 72728
12.7649, 72728
12.7755, 72728
12.786, 72728
12.7966, 72512
12.8072, 72728
12.8177, 72728
12.8283, 72512
12.8388, 72512
12.8494, 72512
12.8599, 72296
12.8704, 71864
12.8807, 71648
12.8912, 71864
12.9014, 71864
12.9116, 71864
12.9218, 71864
12.9319, 71864
12.9421, 71648
12.9523, 71648
12.9624, 71432
12.9726, 71432
12.9833, 71432
12.9939, 71864
13.0044, 71648
13.015, 71648
13.0256, 71432
13.0362, 71648
13.0467, 71432
13.0574, 71648
13.0679, 71864
13.0784, 71864
13.0891, 71648
13.0995, 71648
13.1098, 71864
13.1202, 71864
13.1306, 72296
13.141, 72296
13.1514, 72296
13.1617, 72728
13.1721, 74240
13.1825, 76616
13.1929, 77696
13.2033, 78560
13.2136, 78992
13.224, 79640
13.2346, 79856
13.2451, 80072
13.2556, 80288
13.2662, 80720
13.2768, 80504
13.2872, 80720
13.2976, 79424
13.3082, 77912
13.3187, 76400
13.3293, 75752
13.3397, 75320
13.35, 74672
13.3602, 74024
13.3704, 73592
13.3805, 73376
13.391, 73160
13.4016, 73160
13.4121, 72944
13.4227, 72728
13.4332, 72728
13.4437, 72512
13.4542, 72512
13.4647, 72512
13.4752, 72296
13.4857, 72080
13.4963, 71864
13.5072, 71864
13.5177, 72296
13.5282, 72512
13.5386, 72728
13.5489, 73160
13.5592, 73376
13.5695, 74024
13.5799, 73808
13.5903, 73376
13.601, 73808
13.6115, 73592
13.6221, 73592
13.6327, 73808
13.6433, 73592
13.6538, 73592
13.6642, 74024
13.6747, 74024
13.6851, 75968
13.6955, 76184
13.7062, 76400
13.7167, 76832
13.7272, 76832
13.7377, 76616
13.7482, 77264
13.7587, 77480
13.7691, 77696
13.7796, 79424
13.79, 79856
13.8001, 80072
13.8103, 80288
13.8206, 78344
13.831, 76616
13.8415, 75968
13.852, 75536
13.8625, 75104
13.8731, 74672
13.8836, 74456
13.8941, 74024
13.9046, 74024
13.9152, 73592
13.9257, 73592
13.9361, 73592
13.9465, 73592
13.9569, 73592
13.9675, 73592
13.978, 73376
13.9885, 73592
13.999, 73376
14.0097, 73376
14.0202, 73376
14.0308, 73376
14.0413, 73376
14.0519, 73376
14.0624, 73376
14.073, 73160
14.0836, 72944
14.0943, 72944
14.1049, 72728
14.1155, 72728
14.1262, 72728
14.1368, 72728
14.1474, 72512
14.1581, 72512
14.1687, 72512
14.1793, 72296
14.1898, 72080
14.2, 71864
14.2102, 71864
14.2204, 71864
14.2306, 71864
14.2408, 72080
14.2509, 72080
14.2613, 72080
14.2716, 72080
14.2819, 72296
14.2922, 72296
14.3025, 72296
14.3129, 72296
14.3233, 72296
14.3337, 72296
14.344, 72296
14.3543, 72080
14.3647, 72080
14.375, 71864
14.3854, 72080
14.3958, 72296
14.4062, 72512
14.4166, 72080
14.427, 72728
14.4374, 72512
14.4477, 72296
14.458, 72080
14.4682, 72296
14.4785, 72296
14.4888, 72296
14.4992, 72512
14.5095, 72512
14.5198, 72512
14.5301, 72944
14.5404, 72944
14.5508, 72944
14.5611, 72944
14.5715, 73160
14.5819, 73160
14.5922, 73592
14.6026, 74456
14.6129, 74456
14.6233, 74672
14.6336, 74672
14.6439, 75320
14.6542, 75536
14.6646, 75320
14.675, 76400
14.6855, 77264
14.6961, 77912
14.7065, 77912
14.7167, 77264
14.7269, 75320
14.737, 74672
14.7472, 74240
14.7574, 74024
14.7676, 73592
14.7778, 73160
14.7881, 72944
14.7985, 72728
14.8091, 72728
14.8195, 72512
14.83, 72512
14.8404, 72512
14.8509, 72296
14.8616, 72296
14.8721, 72296
14.8825, 72080
14.8931, 72080
14.9037, 72080
14.9142, 72080
14.9245, 72080
14.9349, 72080
14.9455, 72080
14.9559, 72296
14.9663, 72512
14.9767, 72512
14.9872, 72296
14.9977, 72296
15.0083, 72296
15.0188, 72512
15.0293, 72512
15.0398, 72512
15.0503, 72512
15.0608, 72512
15.0712, 72512
15.0817, 72512
15.0921, 72512
15.1026, 72512
15.1131, 72512
15.1235, 72296
15.134, 72296
15.1444, 72296
15.1548, 72080
15.165, 72080
15.1751, 72080
15.1854, 72080
15.1956, 71648
15.2058, 71864
15.2161, 71864
15.2263, 71648
15.2366, 72296
15.2469, 72512
15.2572, 72296
15.268, 72512
15.2783, 72296
15.2891, 72728
15.2996, 72944
15.3099, 72512
15.3203, 72728
15.3307, 73160
15.341, 72512
15.3513, 72296
15.3616, 72512
15.3863, 73592
15.3966, 74024
15.407, 74456
15.4174, 74888
15.4277, 75320
15.438, 75536
15.4484, 75536
15.4587, 74888
15.4691, 75752
15.4795, 75752
15.4898, 75968
15.5001, 76400
15.5105, 76400
15.5209, 76616
15.5313, 76400
15.5416, 75752
15.5518, 75536
15.5622, 74240
15.5723, 74024
15.5824, 73808
15.5925, 73808
15.6026, 73592
15.6127, 73592
15.6228, 73160
15.6329, 73160
15.643, 72944
15.6531, 72944
15.6631, 72512
15.6733, 72512
15.6834, 72728
15.6936, 72728
15.7039, 72512
15.7142, 72728
15.7246, 72296
15.735, 72296
15.7455, 72296
15.7558, 72296
15.766, 72296
15.7762, 72080
15.7863, 72080
15.7965, 71864
15.8067, 71864
15.8168, 71864
15.8272, 71864
15.8375, 72080
15.8479, 72296
15.8582, 72944
15.8685, 73376
15.8788, 73808
15.889, 73160
15.8993, 73160
15.9097, 73160
15.9201, 73592
15.9304, 73808
15.9407, 74456
15.951, 74456
15.9614, 74672
15.9718, 75104
15.9821, 75104
15.9925, 74456
16.003, 74672
16.0134, 75104
16.0238, 75104
16.0341, 75320
16.0445, 75320
16.0548, 75536
16.0651, 75536
16.0756, 74888
16.0859, 74672
16.0962, 74024
16.1066, 73376
16.117, 72728
16.1273, 72296
16.1377, 72080
16.1481, 72080
16.1585, 71864
16.1689, 71648
16.1794, 71648
16.1899, 72080
16.2003, 72296
16.2106, 72944
16.221, 72944
16.2314, 73160
16.2418, 73808
16.2524, 74240
16.263, 73376
16.2737, 73376
16.2842, 73376
16.2948, 73160
16.3054, 73376
16.3159, 74240
16.3265, 75104
16.337, 75104
16.3475, 74240
16.3581, 74888
16.3686, 74240
16.3791, 74024
16.3894, 74672
16.3995, 74888
16.4097, 74240
16.4198, 73808
16.43, 73376
16.4401, 74024
16.4502, 75968
16.4603, 75968
16.4705, 77264
16.4807, 77264
16.4909, 77912
16.5012, 78344
16.5113, 78992
16.5217, 79640
16.5322, 80072
16.5428, 80288
16.5534, 79856
16.5638, 78992
16.5743, 77696
16.5849, 76616
16.5955, 75320
16.606, 74672
16.6166, 74456
16.6272, 74024
16.6378, 73376
16.6484, 73160
16.6589, 73160
16.6696, 72944
16.6801, 72728
16.6908, 72728
16.7016, 72512
16.7122, 72296
16.7228, 72296
16.7335, 72296
16.744, 72296
16.7547, 72296
16.7655, 72080
16.7761, 72080
16.7867, 72080
16.7974, 71864
16.808, 71864
16.8184, 72080
16.8288, 72296
16.8392, 72512
16.8495, 72728
16.8599, 72944
16.8704, 72944
16.8809, 72944
16.8915, 72944
16.9021, 72944
16.9126, 72944
16.9232, 72944
16.9338, 72728
16.9444, 72512
16.9547, 72296
16.9652, 72080
16.9755, 72080
16.9857, 72080
16.9959, 71432
17.0062, 71432
17.0166, 71432
17.027, 71432
17.0374, 71216
17.0477, 71864
17.0579, 71648
17.0682, 72080
17.0785, 72512
17.0887, 72944
17.0989, 74024
17.1092, 74240
17.1194, 74456
17.1297, 74888
17.14, 75104
17.1502, 74672
17.1605, 75104
17.1708, 75536
17.1811, 75752
17.1915, 75752
17.202, 75968
17.2125, 75968
17.223, 75968
17.2336, 75536
17.244, 74888
17.2546, 74240
17.2651, 73808
17.2757, 73376
17.2863, 72728
17.2973, 72512
17.3079, 72512
17.3184, 72296
17.3289, 72296
17.3395, 72080
17.3501, 72080
17.3608, 71864
17.3713, 71864
17.3819, 71864
17.3925, 72296
17.403, 72728
17.4135, 73160
17.4241, 73160
17.4345, 73376
17.4449, 73592
17.4552, 73592
17.4656, 74024
17.4761, 74456
17.4867, 74456
17.4972, 74672
17.5078, 74456
17.5183, 75104
17.5288, 74672
17.5392, 74672
17.5493, 74024
17.5594, 74024
17.5696, 73376
17.5797, 73160
17.5899, 72944
17.6, 72728
17.6101, 72728
17.6203, 72944
17.6304, 74672
17.6406, 74024
17.6507, 74024
17.6609, 75320
17.671, 73808
17.6811, 75752
17.6913, 76616
17.7014, 77264
17.7116, 76616
17.7219, 78128
17.732, 78560
17.7422, 78776
17.7525, 79208
17.7629, 79424
17.7737, 78560
17.7843, 77912
17.7947, 76832
17.8052, 75752
17.8157, 74672
17.8264, 74240
17.8371, 73808
17.8477, 73592
17.8584, 72944
17.869, 72944
17.8795, 72728
17.8902, 72512
17.9008, 72296
17.9114, 72080
17.9221, 71864
17.9328, 71864
17.9433, 72080
17.9538, 72296
17.9642, 72296
17.9746, 72512
17.985, 72512
17.9955, 72080
18.0061, 72296
18.0167, 72080
18.0272, 72080
18.0378, 72728
18.0484, 72512
18.059, 72728
18.0697, 72512
18.0803, 72296
18.0909, 72512
18.1016, 72512
18.1122, 72296
18.1228, 72296
18.1334, 72296
18.1439, 72080
18.1545, 72296
18.1652, 72296
18.1759, 72512
18.1864, 72944
18.1969, 74024
18.2073, 73376
18.2178, 73376
18.2284, 74456
18.239, 74888
18.2495, 75104
18.2598, 75320
18.2699, 75536
18.2801, 75752
18.2908, 76184
18.3013, 78128
18.3116, 78560
18.3218, 77912
18.3319, 77480
18.3421, 76184
18.3523, 74672
18.3625, 74240
18.3727, 73592
18.3829, 73376
18.3935, 72944
18.4041, 72728
18.4147, 72728
18.4252, 72728
18.4357, 72512
18.4462, 72296
18.4568, 72080
18.4674, 72080
18.4779, 72080
18.4884, 72080
18.4989, 71864
18.5095, 71648
18.5198, 72080
18.5302, 72728
18.5405, 73376
18.5509, 73808
18.5612, 74456
18.5716, 75536
18.5819, 75536
18.5922, 75536
18.6026, 75104
18.6131, 75320
18.6235, 75104
18.6341, 74888
18.6447, 74240
18.6552, 74024
18.6658, 73808
18.6764, 73592
18.6868, 74456
18.6971, 75320
18.7074, 75752
18.7178, 75968
18.7282, 76616
18.7386, 76616
18.749, 76832
18.7594, 75968
18.7696, 75968
18.7798, 76616
18.79, 76832
18.8004, 77048
18.8108, 77048
18.8212, 77048
18.8316, 76616
18.842, 75968
18.8524, 75752
18.8628, 74888
18.8736, 74024
18.8841, 73592
18.8947, 73592
18.9054, 73376
18.916, 72944
18.9266, 72944
18.9371, 72728
18.9476, 72728
18.9582, 72512
18.9687, 72512
18.9793, 72296
18.99, 72296
19.0006, 72296
19.0112, 72296
19.0218, 72296
19.0324, 72296
19.0431, 72080
19.0537, 72080
19.0643, 72080
19.0748, 72080
19.0855, 72080
19.0962, 71864
19.1068, 71864
19.1172, 72296
19.1276, 72512
19.138, 73376
19.1484, 73376
19.1589, 73160
19.1695, 73160
19.1802, 73160
19.1908, 72944
19.2015, 72728
19.212, 72728
19.2226, 72728
19.2332, 72512
19.2437, 72728
19.2539, 72512
19.2642, 72296
19.2744, 71864
19.2847, 71648
19.2951, 72080
19.3055, 72296
19.3158, 72296
19.3261, 73160
19.3363, 73592
19.3465, 74024
19.3569, 74240
19.3672, 74240
19.3775, 74672
19.3879, 74672
19.3983, 74888
19.4087, 74888
19.4192, 74672
19.4296, 75104
19.4399, 75320
19.4503, 75536
19.4607, 75536
19.4711, 75752
19.4815, 76184
19.4918, 77264
19.5021, 77912
19.5124, 77912
19.5225, 75968
19.5326, 75320
19.5427, 74672
19.5528, 74456
19.5629, 74240
19.573, 73592
19.5831, 73376
19.5932, 73160
19.6033, 73160
19.6133, 72944
19.6234, 72728
19.6335, 72728
19.6436, 72512
19.6537, 72512
19.6638, 72512
19.6739, 72296
19.684, 72080
19.6941, 71864
19.7042, 71864
19.7144, 73160
19.7246, 73808
19.7349, 74672
19.7453, 73808
19.7557, 73592
19.7662, 73808
19.7768, 74024
19.7874, 72944
19.7979, 72728
19.8085, 72296
19.8191, 72080
19.8296, 72296
19.8402, 72080
19.8508, 72728
19.8615, 72080
19.872, 72512
19.8823, 72512
19.8926, 72512
19.903, 72728
19.9134, 72512
19.9236, 72512
19.9341, 72728
19.9445, 72944
19.9548, 72728
19.9651, 74240
19.9755, 74672
19.9857, 75104
19.996, 75104
20.0063, 75536
20.0167, 75752
20.0272, 75968
20.0375, 75968
20.0479, 75536
20.0582, 75320
20.0686, 75968
20.0791, 76184
20.0895, 76400
20.0998, 78128
20.1102, 80936
20.1206, 81152
20.1308, 80504
20.1411, 80504
20.1516, 78344
20.1617, 75752
20.172, 75104
20.1822, 74456
20.1923, 74024
20.2025, 73808
20.2127, 73376
20.2229, 73160
20.233, 72944
20.2432, 72728
20.2536, 72728
20.264, 72728
20.2745, 72728
20.2851, 72728
20.2956, 72512
20.306, 72512
20.3164, 72296
20.3269, 72512
20.3376, 72296
20.3481, 72296
20.3586, 72296
20.3691, 72080
20.3795, 72080
20.3898, 72296
20.4004, 71864
20.4109, 71864
20.4212, 72512
20.4315, 72728
20.4418, 73160
20.4522, 73160
20.4626, 73160
20.4732, 73160
20.4838, 73160
20.4942, 73160
20.5046, 73376
20.515, 73376
20.5255, 73376
20.536, 73376
20.5465, 73376
20.5571, 73376
20.5677, 73376
20.5784, 73160
20.589, 72512
20.5996, 72512
20.6102, 72512
20.6209, 72512
20.6314, 72512
20.642, 72296
20.6525, 72296
20.6631, 72296
20.6735, 72080
20.6839, 71864
20.6943, 71648
20.7047, 71648
20.7151, 71864
20.7267, 72080
20.737, 72296
20.7472, 74024
20.7575, 75536
20.7677, 76832
20.778, 77696
20.7883, 78128
20.7986, 77696
20.809, 77696
20.8192, 78560
20.8296, 78992
20.8398, 79424
20.8501, 79856
20.8605, 80072
20.8708, 78992
20.881, 78344
20.8912, 77480
20.9013, 76616
20.9114, 76184
20.9215, 75536
20.9316, 75104
20.9417, 74888
20.9518, 74888
20.9619, 74672
20.9719, 74456
20.982, 74024
20.9921, 74024
21.0022, 74024
21.0123, 73808
21.0224, 73592
21.0325, 73592
21.0426, 73592
21.0527, 73376
21.0628, 73376
21.0729, 73160
21.083, 72944
21.0931, 72728
21.1033, 72512
21.1137, 72512
21.1238, 72728
21.1339, 72944
21.1441, 72944
21.1543, 72944
21.1645, 72512
21.1747, 72728
21.1849, 72512
21.1952, 72296
21.2053, 72080
21.2156, 72080
21.2258, 71864
21.2363, 72080
21.2474, 72080
21.2577, 72080
21.268, 72296
21.2783, 72512
21.2886, 74240
21.2989, 74240
21.3092, 73592
21.3195, 73376
21.3298, 73376
21.34, 74240
21.3502, 74888
21.3606, 74888
21.3709, 74888
21.3813, 75536
21.3917, 75536
21.4023, 74888
21.4127, 75320
21.4231, 75752
21.4338, 75968
21.4446, 75968
21.4553, 75968
21.4658, 75968
21.4762, 75536
21.4866, 75104
21.4969, 74888
21.5071, 74024
21.5172, 73592
21.5274, 73160
21.5375, 72944
21.5476, 72728
21.5577, 72728
21.5679, 72512
21.578, 72296
21.5881, 72080
21.5982, 72080
21.6083, 72080
21.6184, 72080
21.6285, 72080
21.6386, 72296
21.6487, 72296
21.6588, 72296
21.6689, 72296
21.679, 72296
21.6891, 72296
21.6992, 72296
21.7093, 72296
21.7194, 72296
21.7295, 72296
21.7396, 72512
21.7497, 72080
21.7597, 72080
21.7698, 71864
21.7799, 71648
21.79, 71648
21.8003, 72080
21.8105, 72080
21.8208, 72296
21.8311, 72728
21.8414, 72728
21.8517, 73160
21.862, 72728
21.8724, 72944
21.8827, 72944
21.8931, 73160
21.9034, 74024
21.9141, 73376
21.9244, 73592
21.9347, 73808
21.945, 73808
21.9553, 73592
21.9656, 73592
21.9759, 73376
21.9861, 74456
21.9963, 75752
22.0066, 75968
22.0168, 76400
22.0271, 76616
22.0374, 76616
22.0477, 76832
22.0581, 76832
22.0685, 77264
22.0788, 77264
22.0892, 77264
22.0996, 77480
22.1099, 77480
22.1203, 77696
22.1306, 77264
22.1408, 76832
22.1511, 75536
22.1613, 74888
22.1716, 74240
22.1817, 73808
22.1918, 73592
22.2019, 73592
22.2121, 73592
22.2222, 74024
22.2323, 74024
22.2425, 73808
22.2526, 73808
22.2627, 74240
22.2729, 73376
22.283, 73376
22.2931, 73592
22.3033, 74024
22.3134, 73160
22.3235, 73592
22.3336, 74024
22.3438, 73160
22.3539, 73376
22.364, 73592
22.3741, 72944
22.3843, 72728
22.3944, 72728
22.4045, 73376
22.4146, 74024
22.4248, 74888
22.4349, 75320
22.445, 75320
22.4552, 76400
22.4654, 77912
22.4756, 77912
22.4857, 78344
22.4959, 78128
22.5061, 79640
22.5162, 81152
22.5264, 83096
22.5366, 82880
22.5467, 81584
22.5569, 79208
22.5672, 77912
22.5776, 76184
22.588, 75536
22.5985, 75320
22.6089, 74888
22.6193, 74240
22.6299, 74024
22.6405, 73808
22.6512, 73592
22.6619, 73376
22.6726, 73160
22.6835, 72944
22.6941, 72728
22.7046, 72728
22.7153, 72512
22.726, 72296
22.7366, 72296
22.7474, 72080
22.7579, 72080
22.7685, 72080
22.7791, 72080
22.7897, 71864
22.8006, 72080
22.8125, 72296
22.823, 72080
22.8371, 72296
22.8473, 72512
22.8576, 72728
22.8679, 73160
22.8782, 72944
22.8884, 72944
22.8985, 72728
22.9087, 72728
22.9189, 72728
22.9293, 72944
22.9396, 72944
22.95, 73376
22.9603, 73376
22.9707, 73808
22.9811, 73808
22.9915, 73808
23.0019, 74024
23.0122, 73160
23.0226, 72944
23.033, 72944
23.044, 73376
23.0544, 73592
23.0648, 73592
23.0752, 73376
23.0856, 73376
23.0993, 73160
23.1097, 74024
23.1201, 74888
23.1305, 74456
23.141, 74888
23.1514, 76184
23.1617, 76616
23.1723, 76616
23.1835, 77048
23.1939, 77912
23.2043, 78344
23.2146, 78776
23.2248, 79856
23.235, 79208
23.2453, 78344
23.2556, 77264
23.2659, 76616
23.2763, 75320
23.2868, 74672
23.2974, 74240
23.3079, 73808
23.3186, 73376
23.3292, 73376
23.3398, 73160
23.3503, 73160
23.3609, 72944
23.3715, 72728
23.3821, 72728
23.3926, 72728
23.4032, 72728
23.4138, 72512
23.4244, 72296
23.4349, 72296
23.4456, 72080
23.4561, 72080
23.4668, 72080
23.4775, 71864
23.488, 72080
23.4987, 72080
23.5095, 72080
23.5201, 72296
23.5306, 72296
23.5411, 72296
23.5514, 72512
23.5617, 72512
23.572, 72728
23.5823, 72728
23.5928, 72944
23.6032, 72944
23.6139, 72944
23.6244, 72728
23.635, 72512
23.6454, 72728
23.6555, 72512
23.6657, 72296
23.6758, 72512
23.686, 72080
23.6961, 72512
23.7063, 72728
23.7164, 72080
23.7266, 71648
23.7368, 71216
23.747, 71216
23.7573, 71432
23.7675, 71648
23.7776, 71864
23.7878, 72728
23.798, 73160
23.8082, 73592
23.8184, 73808
23.8286, 74024
23.8389, 74672
23.8492, 74672
23.8596, 74240
23.87, 74672
23.8804, 75320
23.8908, 75536
23.9011, 75752
23.9115, 75968
23.9218, 76184
23.9323, 75968
23.9429, 75104
23.9534, 74240
23.9638, 73592
23.9743, 73376
23.9849, 72728
23.9955, 72512
24.0059, 72296
24.0165, 72080
24.027, 72080
24.0374, 72080
24.048, 72080
24.0583, 72080
24.0684, 72080
24.0785, 72080
24.0886, 72080
24.0987, 71864
24.1088, 71864
24.119, 72080
24.1292, 72512
24.1394, 72944
24.1496, 73160
24.1599, 73592
24.1702, 74456
24.1805, 74456
24.1908, 74240
24.2013, 74024
24.2117, 74456
24.222, 74024
24.2324, 74672
24.2427, 74672
24.2531, 75320
24.2635, 74672
24.2738, 74024
24.2841, 73808
24.2946, 74024
24.305, 73160
24.3154, 73376
24.3258, 74672
24.3362, 74240
24.3465, 74024
24.3568, 74456
24.3672, 74672
24.3775, 75104
24.3878, 75320
24.3981, 74888
24.4085, 74456
24.4189, 75104
24.4293, 75320
24.4398, 75104
24.4506, 75104
24.461, 75104
24.4714, 75536
24.4818, 75536
24.4922, 75104
24.5025, 74888
24.513, 74024
24.5233, 72944
24.5335, 72512
24.5436, 72080
24.5542, 71864
24.5651, 71648
24.5764, 71648
24.5869, 71864
24.5974, 71864
24.6079, 71864
24.6182, 72080
24.6286, 72296
24.6391, 72728
24.6497, 72296
24.6603, 71864
24.6708, 71864
24.6815, 71648
24.6921, 71432
24.7029, 72080
24.7136, 72080
24.7241, 72512
24.7346, 72296
24.7452, 72296
24.7558, 72944
24.7662, 73376
24.7767, 72512
24.7873, 73160
24.7978, 72944
24.8086, 74240
24.819, 75104
24.8295, 76400
24.8398, 76400
24.8504, 75320
24.861, 75968
24.8716, 77480
24.8822, 77264
24.8927, 78344
24.9033, 78344
24.9138, 78992
24.9245, 79856
24.935, 80936
24.9455, 81152
24.9559, 80288
24.9663, 77264
24.9764, 76616
24.9865, 76184
24.9965, 75752
25.0066, 75536
25.0167, 75320
25.0269, 74672
25.037, 74240
25.0472, 74024
25.0574, 74024
25.0676, 74024
25.0777, 74240
25.0879, 74672
25.0981, 74888
25.1082, 74888
25.1185, 74672
25.1286, 74240
25.1388, 74024
25.1489, 73808
25.159, 73592
25.1691, 73592
25.1792, 73592
25.1894, 73592
25.1996, 74024
25.2098, 73808
25.2201, 74240
25.2303, 74240
25.2406, 75104
25.2509, 74888
25.2611, 74672
25.2714, 74456
25.2817, 73160
25.292, 72728
25.3023, 72512
25.3125, 72728
25.3229, 72728
25.3332, 75536
25.3435, 75752
25.3538, 76616
25.364, 77048
25.3743, 77480
25.3846, 77048
25.3949, 78128
25.4052, 78560
25.4155, 78776
25.4258, 79208
25.4361, 79640
25.4464, 78776
25.4567, 78344
25.4671, 77696
25.4773, 76184
25.4875, 74672
25.4981, 74240
25.5088, 73808
25.5195, 73592
25.53, 73160
25.5406, 72944
25.5512, 72944
25.5619, 72728
25.5725, 72296
25.5832, 72296
25.5939, 72296
25.6046, 72080
25.6151, 72080
25.6258, 71864
25.6364, 71864
25.6469, 72080
25.6574, 73376
25.6679, 73808
25.6782, 74240
25.6886, 74024
25.699, 73592
25.7095, 74024
25.7199, 73160
25.7343, 72728
25.745, 72512
25.7556, 72512
25.7662, 72512
25.7767, 73160
25.7873, 73376
25.7977, 73376
25.8082, 73376
25.8188, 73808
25.8293, 73808
25.84, 73808
25.8507, 72944
25.8615, 72512
25.8722, 72944
25.8826, 72944
25.893, 72944
25.9033, 74024
25.9135, 75320
25.9237, 75320
25.934, 75968
25.9442, 76184
25.9545, 76616
25.9648, 75968
25.9751, 76400
25.9855, 76832
25.9959, 76616
26.0063, 76616
26.0166, 76616
26.0269, 76616
26.0371, 76616
26.0474, 75968
26.0577, 75536
26.0679, 74456
26.0782, 74024
26.0883, 73808
26.0984, 73376
26.1085, 73376
26.1187, 72944
26.1288, 72728
26.1389, 72512
26.149, 72512
26.1591, 72512
26.1692, 72512
26.1793, 72512
26.1893, 72512
26.1994, 72512
26.2095, 72512
26.2196, 72512
26.2297, 72512
26.2398, 72512
26.2499, 72512
26.26, 72512
26.2701, 72512
26.2802, 72512
26.2903, 72512
26.3003, 72728
26.3104, 72512
26.3205, 72512
26.3306, 72512
26.3407, 72512
26.3508, 72512
26.3609, 72512
26.371, 72512
26.3811, 72512
26.3911, 72296
26.4012, 72296
26.4113, 72296
26.4214, 72080
26.4315, 71864
26.4417, 71864
26.4521, 71432
26.4625, 71432
26.4728, 71432
26.4831, 71432
26.4935, 71216
26.5038, 71216
26.5142, 71216
26.5244, 71216
26.5347, 71216
26.545, 71216
26.5552, 71216
26.5655, 71216
26.5758, 71216
26.5862, 71432
26.5966, 71864
26.607, 71864
26.6173, 71864
26.628, 71864
26.6383, 72080
26.6487, 72080
26.6591, 72080
26.6699, 72296
26.6804, 72512
26.6909, 72512
26.7015, 72512
26.7119, 72296
26.7223, 72296
26.7327, 72512
26.7431, 72512
26.7534, 72728
26.7637, 72728
26.7741, 72944
26.7843, 73808
26.7946, 76184
26.8048, 77696
26.8151, 78344
26.8254, 79424
26.8357, 78992
26.846, 79424
26.8563, 80288
26.8665, 80720
26.8768, 81368
26.887, 82016
26.8974, 81368
26.9077, 79856
26.918, 78128
26.9284, 76400
26.9388, 75968
26.9494, 75320
26.9599, 75104
26.9704, 74672
26.9808, 74240
26.9913, 74240
27.0018, 74024
27.0124, 73808
27.0228, 73808
27.0334, 73808
27.0439, 73808
27.0545, 73592
27.0653, 73376
27.0758, 73376
27.0864, 73160
27.097, 73376
27.1075, 73160
27.1181, 73160
27.1287, 73160
27.1392, 73160
27.1498, 73160
27.1605, 72944
27.1712, 72944
27.1819, 72944
27.1925, 72944
27.2031, 72944
27.2138, 72728
27.2244, 72728
27.2349, 72728
27.2455, 72296
27.256, 72296
27.2666, 72080
27.2767, 72080
27.2868, 72296
27.297, 72296
27.3071, 72296
27.3173, 72296
27.3274, 72296
27.3375, 72296
27.3477, 72296
27.3578, 72080
27.368, 71864
27.3783, 71864
27.3885, 71648
27.3988, 71648
27.4091, 71432
27.4194, 71648
27.4296, 71648
27.4399, 71648
27.4503, 71432
27.4606, 71216
27.4709, 71216
27.4812, 71216
27.4916, 71000
27.5019, 71000
27.5122, 70784
27.5225, 70784
27.5328, 70784
27.5431, 70784
27.5534, 70784
27.5637, 70784
27.5741, 70784
27.5843, 70568
27.5947, 72080
27.605, 71648
27.6153, 71432
27.6257, 71216
27.6361, 71216
27.6467, 71216
27.657, 71648
27.6674, 72296
27.6776, 72728
27.688, 75104
27.6984, 76832
27.7089, 77912
27.7193, 78776
27.7296, 79640
27.74, 79640
27.7503, 78776
27.7607, 77048
27.7712, 76184
27.7817, 74888
27.7922, 74672
27.8027, 74240
27.8134, 74024
27.8239, 73592
27.8344, 73160
27.8449, 73160
27.8554, 72944
27.8661, 72944
27.8767, 72512
27.8872, 72296
27.8978, 72296
27.9084, 72296
27.9188, 72080
27.9289, 72080
27.9392, 72080
27.9495, 72080
27.9598, 71864
27.97, 71432
27.9803, 71432
27.9905, 71432
28.0008, 71432
28.011, 71432
28.0213, 71864
28.0316, 71864
28.0419, 71864
28.0523, 72080
28.0627, 72080
28.0732, 72080
28.0837, 72080
28.0943, 71864
28.1049, 71864
28.1154, 72296
28.1259, 72512
28.1363, 72728
28.1467, 72944
28.157, 72944
28.1673, 73376
28.1777, 73376
28.1881, 73160
28.1986, 73160
28.2093, 73808
28.2198, 74672
28.2302, 75104
28.2405, 75536
28.2509, 75968
28.2613, 78128
28.2717, 78344
28.2823, 78560
28.2928, 79208
28.3034, 79856
28.314, 80072
28.3245, 80288
28.3351, 80504
28.3456, 79424
28.356, 78344
28.3666, 77048
28.3771, 76400
28.3877, 75104
28.3982, 74672
28.4083, 74456
28.4184, 74456
28.4286, 74240
28.4387, 74024
28.4489, 74240
28.459, 74024
28.4691, 74024
28.4792, 73592
28.4894, 73376
28.4996, 72728
28.5098, 72728
28.5201, 72728
28.5303, 72512
28.5405, 72512
28.5509, 72512
28.5617, 72296
28.5719, 72512
28.5822, 72512
28.5924, 72296
28.6026, 72080
28.613, 72080
28.6237, 72080
28.6339, 72080
28.6476, 72080
28.6579, 72728
28.6682, 74672
28.6784, 76616
28.6886, 77696
28.6988, 78344
28.709, 77696
28.7193, 77912
28.7296, 79640
28.7399, 79856
28.7504, 80072
28.7606, 80504
28.7708, 79640
28.781, 77264
28.7912, 76184
28.8014, 75536
28.8116, 74888
28.8217, 74456
28.8319, 73808
28.8426, 73592
28.8531, 73376
28.8637, 73160
28.8743, 72728
28.8849, 72728
28.8954, 72512
28.9061, 72512
28.9168, 72296
28.9274, 72080
28.938, 72080
28.9486, 71864
28.9593, 71864
28.9699, 72080
28.9804, 72512
28.9908, 72512
29.0012, 72728
29.0116, 73160
29.0219, 73592
29.0323, 73592
29.0427, 73592
29.0531, 73376
29.0636, 73160
29.0743, 73160
29.0849, 73160
29.0955, 73160
29.1062, 73160
29.1168, 73160
29.1273, 72944
29.1378, 72944
29.1484, 73160
29.1589, 73808
29.1696, 74240
29.18, 74888
29.1906, 73808
29.2013, 74672
29.2117, 75536
29.222, 75752
29.2324, 75536
29.2428, 75536
29.2531, 76184
29.2634, 76400
29.2738, 76616
29.2843, 76832
29.2947, 77048
29.305, 77048
29.3154, 77048
29.3258, 76400
29.3361, 75536
29.3464, 74672
29.3565, 74240
29.3667, 73808
29.3769, 73592
29.3872, 72944
29.3975, 72728
29.4077, 72728
29.418, 72512
29.4282, 72512
29.4385, 72080
29.4489, 72080
29.4592, 72080
29.4695, 72080
29.4798, 71864
29.49, 71648
29.5003, 71648
29.5107, 71864
29.5215, 71864
29.532, 72080
29.5424, 72080
29.5529, 72296
29.5634, 72296
29.5739, 72728
29.5844, 72728
29.5949, 72944
29.6055, 72944
29.6161, 72944
29.6265, 73160
29.6368, 73592
29.6472, 74240
29.6576, 74024
29.6679, 73376
29.6783, 73160
29.6886, 73376
29.6989, 73160
29.7092, 73376
29.7195, 73376
29.7299, 73160
29.7402, 73160
29.7505, 73160
29.7608, 73160
29.7756, 73376
29.7859, 75968
29.7961, 79640
29.8063, 81152
29.8166, 81584
29.8268, 80504
29.8372, 82232
29.8476, 82880
29.8579, 83312
29.8683, 83528
29.8786, 82880
29.889, 82448
29.8993, 78344
29.9094, 77264
29.9196, 76184
29.9298, 75536
29.9399, 75104
29.9501, 74456
29.9602, 74240
29.9704, 74024
29.9805, 73808
29.9907, 73592
30.0008, 73160
30.011, 73160
30.0212, 73160
30.0313, 72944
30.0414, 72944
30.0516, 72944
30.0618, 72944
30.0719, 72728
30.082, 72512
30.0921, 72296
30.1022, 72080
30.1123, 71864
30.1225, 71864
30.1326, 72512
30.1428, 72512
30.153, 72512
30.1632, 73160
30.1736, 72512
30.184, 72296
30.1944, 72296
30.2048, 72296
30.2152, 72296
30.2256, 72512
30.236, 72296
30.2463, 72728
30.2567, 72512
30.2672, 72512
30.2776, 72296
30.2879, 72944
30.2982, 72728
30.3085, 72296
30.3189, 72512
30.3293, 72512
30.3397, 72080
30.35, 72728
30.3603, 73160
30.3706, 73376
30.381, 73160
30.3912, 73160
30.4016, 74672
30.4119, 75536
30.4222, 75752
30.4325, 75968
30.4429, 75536
30.4533, 76616
30.4637, 76832
30.474, 77048
30.4844, 77048
30.4947, 77048
30.5051, 76616
30.5154, 76184
30.5257, 75752
30.536, 74888
30.5464, 74240
30.5566, 73592
30.5668, 73376
30.577, 73160
30.5871, 73160
30.5972, 72944
30.6073, 72512
30.6174, 72512
30.6275, 72296
30.6376, 72080
30.6477, 72080
30.6578, 72080
30.6679, 72296
30.678, 72296
30.6881, 72296
30.6982, 72512
30.7083, 72512
30.7184, 72512
30.7284, 72512
30.7385, 72512
30.7486, 72512
30.7587, 72512
30.7688, 72512
30.7789, 72512
30.789, 72512
30.7991, 72512
30.8092, 72512
30.8192, 72296
30.8293, 72296
30.8394, 72296
30.8495, 72512
30.8596, 72512
30.8697, 72296
30.8798, 72296
30.8899, 72296
30.9, 72080
30.91, 72080
30.9201, 71864
30.9303, 71864
30.9404, 71864
30.9506, 72080
30.9607, 72296
30.971, 72080
30.9812, 72080
30.9917, 72296
31.002, 72512
31.0122, 72728
31.0225, 72512
31.0328, 72512
31.0431, 72512
31.0535, 72728
31.0638, 72728
31.0745, 72512
31.085, 72512
31.0953, 72512
31.1056, 72296
31.116, 72080
31.1264, 72296
31.1367, 72944
31.1469, 73592
31.1572, 74024
31.1674, 74672
31.1776, 74888
31.1879, 75536
31.1981, 75536
31.2084, 75752
31.2188, 75752
31.2292, 75104
31.2395, 76184
31.2498, 76184
31.2601, 76400
31.2705, 76616
31.2808, 79424
31.2912, 79856
31.3014, 79856
31.3117, 79640
31.3218, 77696
31.3319, 75968
31.342, 75536
31.3521, 75104
31.3622, 74456
31.3725, 74024
31.3827, 75104
31.3928, 75104
31.4029, 75320
31.4131, 75104
31.4232, 74240
31.4333, 74024
31.4434, 73808
31.4535, 73376
31.4637, 73160
31.4738, 73160
31.4839, 73160
31.4941, 72944
31.5042, 72944
31.5143, 72944
31.5245, 72728
31.5346, 72944
31.5447, 72944
31.5548, 72728
31.565, 72512
31.5752, 72728
31.5853, 72512
31.5955, 72512
31.6057, 72728
31.6158, 72728
31.626, 73808
31.6362, 74240
31.6463, 75104
31.6565, 76832
31.6667, 77480
31.6768, 76616
31.687, 77912
31.6973, 78560
31.7075, 79640
31.7177, 80072
31.7281, 80072
31.7385, 78992
31.749, 78344
31.7597, 75752
31.7702, 75104
31.7808, 74672
31.7914, 74240
31.802, 73592
31.8126, 73376
31.8233, 73160
31.8339, 72944
31.8445, 72512
31.8551, 72512
31.8659, 72296
31.8764, 72296
31.8905, 71864
31.9011, 71864
31.9116, 71864
31.9221, 72296
31.9327, 72296
31.9431, 72296
31.9535, 72512
31.9639, 72944
31.9744, 73160
31.9851, 73160
31.9956, 72944
32.0061, 72944
32.0167, 72944
32.0273, 72944
32.0379, 72944
32.0485, 72944
32.0589, 72944
32.0693, 73160
32.0796, 73160
32.09, 73376
32.1003, 73376
32.1106, 73376
32.1208, 74672
32.1318, 75968
32.1425, 75536
32.1528, 75104
32.1632, 74672
32.1735, 75752
32.1838, 75752
32.1941, 75104
32.2045, 76616
32.2149, 76616
